Ordered on 6 August 2024,Amazon Pay Later,  799.00,Portronics Mogun 3 Magnetic Car Phone Holder with 360° Rotation Base, Strong Magnets, Angle & Height Adjustable, 180° Pivot, Adhesive Base, Metal Alloy Build (Silver)
Ordered on 6 August 2024,Amazon Pay Later,  299.00,BARASH See Ever Mobile Holder for Car Stand Magnetic Phone Round for Car, Car Phone Holder Mount Stronger 6X Magnets 360°Rotation Universal Dashboard Phone Holder Magnetic Car Mount for All Phones
Ordered on 6 August 2024,Amazon Pay Later,  295.00,JAINFAM® Magnetic Phone Holder in Car Airvent Car Mount Mobile Phone Holder Stand Magnet Support for Mahindra Xuv 500
Ordered on 6 August 2024,Amazon Pay Later,  292.00,Wild Stone Ultra Sensual Long Lasting Perfume for Men, 100ml, A Sensory Treat for Casual Encounters, Aromatic Blend of Masculine Fragrances
Ordered on 6 August 2024,Amazon Pay Later,  2,251.00,Woodland Mens GC 1869115NW Navy Casual Shoe - 7 UK (41 EU)(GC 1869115NW)
Ordered on 6 August 2024,Amazon Pay Later,  1,279.00,Levi's Men's Slim Jeans (36087-0646_Dark Indigo_32)
Ordered on 6 August 2024,Amazon Pay Balance,  738.99,Lux Cottswool Men's Cotton Thermal Set (COTT_BLACK_FS_RN_TRO_SET_90)
Ordered on 6 August 2024,Amazon Pay Balance,  158.00,ZORO Cotton D buckle belt for men, Combo pack Black+Green
Ordered on 6 August 2024,Amazon Pay Balance,  329.00,CREATURE Formal/Casual Black Color Genuine Leather Belts For Men (Length- 46 inches||40MM||BL-042-BLK) (BLACK)
Ordered on 6 August 2024,Mastercardending in 8968,  387.00,Dixcy Scott Men's Cotton Regulart Fit Solid (Pack of 3) (Titan Trunk ASSTD-P3_Assorted_L)
Ordered on 6 August 2024,Mastercardending in 8968,  2,048.00,Allen Solly Men's Solid Regular Fit Polo (ASKPQRGFY42227_Yellow L)
Ordered on 6 August 2024,Mastercardending in 8968,  1,906.75,Allen Solly Men Jet Black Regular Fit Polo(AMKP317G04249_Jet Black_L)
Ordered on 3 August 2024,Amazon Pay Later,  1,287.00,Puma men Zod Runner NM Asphalt-Pureed Pumpkin-Silver Running Shoe - 9 UK (37079010)
Ordered on 3 August 2024,Amazon Pay Later,  309.00,Clazkit Large Stainless Steel Cutting Board Vegetable,Fruit,Bread & Meat Durable Safe & Heavy Duty (360 x 250 x 1mm)
Ordered on 1 August 2024,Amazon Pay Later,  569.00,CLUB SPUNKY Casual Tan Color Genuine Leather Belt with Double Prong Buckle for Jeans and Casual Wear belt for men stylish Leather for Mens/Boys ||CSBL-BRBKL-05|| (36, Tan)
Ordered on 1 August 2024,Amazon Pay Later,  179.00,Pigeon by Stovekraft Edge Flora Stainless steel Knife 5 Inch (Blue)
Ordered on 1 August 2024,Amazon Pay Later,  4,018.00,Woodland Mens OGC 3884121 Camel Loafer - 7 UK (41 EU) (OGC 3884121)
Ordered on 6 August 2024,Amazon Pay Later,  799.00,Portronics Mogun 3 Magnetic Car Phone Holder with 360° Rotation Base, Strong Magnets, Angle & Height Adjustable, 180° Pivot, Adhesive Base, Metal Alloy Build (Silver)
Ordered on 6 August 2024,Amazon Pay Later,  299.00,BARASH See Ever Mobile Holder for Car Stand Magnetic Phone Round for Car, Car Phone Holder Mount Stronger 6X Magnets 360°Rotation Universal Dashboard Phone Holder Magnetic Car Mount for All Phones
Ordered on 6 August 2024,Amazon Pay Later,  295.00,JAINFAM® Magnetic Phone Holder in Car Airvent Car Mount Mobile Phone Holder Stand Magnet Support for Mahindra Xuv 500
Ordered on 6 August 2024,Amazon Pay Later,  292.00,Wild Stone Ultra Sensual Long Lasting Perfume for Men, 100ml, A Sensory Treat for Casual Encounters, Aromatic Blend of Masculine Fragrances
Ordered on 6 August 2024,Amazon Pay Later,  2,251.00,Woodland Mens GC 1869115NW Navy Casual Shoe - 7 UK (41 EU)(GC 1869115NW)
Ordered on 6 August 2024,Amazon Pay Later,  1,279.00,Levi's Men's Slim Jeans (36087-0646_Dark Indigo_32)
Ordered on 6 August 2024,Amazon Pay Balance,  738.99,Lux Cottswool Men's Cotton Thermal Set (COTT_BLACK_FS_RN_TRO_SET_90)
Ordered on 6 August 2024,Amazon Pay Balance,  158.00,ZORO Cotton D buckle belt for men, Combo pack Black+Green
Ordered on 6 August 2024,Amazon Pay Balance,  329.00,CREATURE Formal/Casual Black Color Genuine Leather Belts For Men (Length- 46 inches||40MM||BL-042-BLK) (BLACK)
Ordered on 6 August 2024,Mastercardending in 8968,  387.00,Dixcy Scott Men's Cotton Regulart Fit Solid (Pack of 3) (Titan Trunk ASSTD-P3_Assorted_L)
Ordered on 6 August 2024,Mastercardending in 8968,  2,048.00,Allen Solly Men's Solid Regular Fit Polo (ASKPQRGFY42227_Yellow L)
Ordered on 6 August 2024,Mastercardending in 8968,  1,906.75,Allen Solly Men Jet Black Regular Fit Polo(AMKP317G04249_Jet Black_L)
Ordered on 3 August 2024,Amazon Pay Later,  1,287.00,Puma men Zod Runner NM Asphalt-Pureed Pumpkin-Silver Running Shoe - 9 UK (37079010)
Ordered on 3 August 2024,Amazon Pay Later,  309.00,Clazkit Large Stainless Steel Cutting Board Vegetable,Fruit,Bread & Meat Durable Safe & Heavy Duty (360 x 250 x 1mm)
Ordered on 1 August 2024,Amazon Pay Later,  569.00,CLUB SPUNKY Casual Tan Color Genuine Leather Belt with Double Prong Buckle for Jeans and Casual Wear belt for men stylish Leather for Mens/Boys ||CSBL-BRBKL-05|| (36, Tan)
Ordered on 1 August 2024,Amazon Pay Later,  179.00,Pigeon by Stovekraft Edge Flora Stainless steel Knife 5 Inch (Blue)
Ordered on 1 August 2024,Amazon Pay Later,  4,018.00,Woodland Mens OGC 3884121 Camel Loafer - 7 UK (41 EU) (OGC 3884121)
Ordered on 31 July 2024,Mastercardending in 8968,  2,268.00,Peter England Men's Classic Jeans (PJDNACTB587062_Black
Ordered on 26 July 2024,BHIM UPI,  299.00,Rabbonix Cosmetic Makeup Organizer Toiletry Bag for Women & Men | Blue | Pack of 01
Ordered on 23 July 2024,Mastercardending in 8968,  1,798.00,LIRAMARK Liquid Silicone Soft Back Cover Case for OnePlus 11R 5G / 1+11R 5G (Black)
Ordered on 22 July 2024,BHIM UPI,  899.00,MI Xiaomi Beard Trimmer for Men 2C With High Precision Trimming | 2 Beard Comb | USB Type-C | Fast Charging | 0.5mm Precision | 40 Length Settings | 90 Min Run Time, Black
Ordered on 22 July 2024,BHIM UPI,  499.00,FATMUG Travel Bag -Toiletry Organizer Hanging Dopp Kit For Men, Cosmetics Pouch For Women- Dark Grey - 6 Cm, S
Ordered on 22 July 2024,BHIM UPI,  749.00,Aahwan Green Solid Drawstring Relexed Fit Straight Leg Pants for Men's (283-Green-32)
Ordered on 22 July 2024,Amazon Pay Later,  125.00,Biotique Argan Oil Hair Mask from Morocco (Ideal for Frizz -Free and Stronger Hair), 175g
Ordered on 21 July 2024,Amazon Pay Later,  495.00,Fitness Mantra® Beanie Cap & Muffler for Men & Women| Beanie Cap| Woolen Topaa| Winter Cap| Head & Neck Warmer| Black Color| 1 Set|
Ordered on 21 July 2024,Amazon Pay Later,  548.00,Men Trouser || Men's Regular Trouser || Men's Regular Fit Casual Trouser (Trouser-09-11) (L, Grey)
Ordered on 21 July 2024,Amazon Pay Later,  559.00,Lymio Men Cargo || Men Cargo Pants || Men Cargo Pants Cotton || Cargos for Men (Cargo-01-04) (L, Olive Green)
Ordered on 13 July 2024,Amazon Pay Later,  199.00,KARP Ice Mold - 10 Cavity Diamond Shape Ice Tray for Whiskey Cocktails - Flexible Chocolate Candy Cube Maker (1 Qty -Assorted Color)
Ordered on 13 July 2024,Amazon Pay Later,  198.00,Bloomingdale Reusable Stainless Steel Straw with Cleaning Brush- Long Metal Straws for Drinking, Reusable Set of 5 (2- Bend Pipe, 2- Long Straw, 1-Cleaning Brush), Silver (BSteelStrawsSilver5Pcs)
Ordered on 13 July 2024,Amazon Pay Later,  200.00,GUBB Dental Floss Toothpicks - Oral Hygiene Essential for Men & Women with Extra Strong Thread, Easy Access Design & Comfortable Grip| Gentle on Gums, Harsh on Bacteria | 24 Tooth Picks
Ordered on 12 July 2024,Amazon Pay Later,  999.00,Xfopz 40oz Tumbler with Handle and Straw Stainless Steel Vacuum Insulated Coffee Ice Cup Double Wall Travel Flask (Black)
Ordered on 11 July 2024,BHIM UPI,  229.00,Boldfit Head Band for Man Sports Head Bandana for Men & Women Gym Hair Band for Men Workout, Running - Breathable, Non-Slip & Quick Drying Head Bands for Long Hair (Set of 2 (Black, Grey Melange))
Ordered on 11 July 2024,Amazon Pay Later,  1,451.00,SkinSide Hair Scalp Massager Brush for Hair Growth | Shampoo Brush Scrubber | Scalp Exfoliator | Oil Brush | Super Soft Silicone Bristles | Prevents Dandruff & Hair Loss (Jumbo|Any Color)
Ordered on 11 July 2024,Amazon Pay Later,  179.00,MOON Freeze Dried Mango Chips | No Preservatives, No Added Sugar, Healthy Dried Fruit | 100% Natural, Vegan, Gluten Free Snack For Kids And Adults | 16 Gm Pouch (Pack Of 1)
Ordered on 11 July 2024,Amazon Pay Later,  899.00,Jack & Jones Men's Slim Fit T-Shirt (12261190-Jet Black_Jet
Ordered on 9 July 2024,Amazon Pay Later,  288.00,BOGOTA Advanced Professional Teeth Whitening Strips
Ordered on 7 July 2024,BHIM UPI,  251.00,CAROTE Knife Kitchen Knife Chef Knife Color Printing Santoku Knife & Non-Slip Handle with Blade Cover, Blue, 5 inch, Stainless Steel
Ordered on 7 July 2024,Amazon Pay Later,  1,393.00,Jack & Jones Men's Slim Fit T-Shirt (12261190-Jet Black_Jet
Ordered on 4 July 2024,BHIM UPI,  3,185.00,Van Heusen Men's Regular Fit Polo T-Shirt (VSKP517S011408_Black M)
Ordered on 4 July 2024,BHIM UPI,  689.00,Allen Solly Men Navy Regular Fit Polo(AMKP317G04251_Navy_M)
Ordered on 4 July 2024,BHIM UPI,  2,663.00,Milton Pro Cook Stainless Steel Sandwich Bottom Kadhai with Glass Lid, 24 cm / 2.71 litres, Steel Plain | Dishwasher Safe | Induction Safe | Flame Safe | Gas Stove Safe | Hot Plate Safe | SS Handle
Ordered on 4 July 2024,BHIM UPI,  338.00,Episkey Silicone Body Scrubber,Shower Scrubber for Nourishing Cleaning & Exfoliating Your Skin Lather Boosting Bristles with Ergonomic No-Slip Handle, Body Exfoliator for Men and Women bath brush (BBB)
Ordered on 4 July 2024,BHIM UPI,  309.00,Kodenipr Club Stainless Steel Cooking and Serving Spoon Set for Kitchen (Ladle + Skimmer + Turner)
Ordered on 4 July 2024,BHIM UPI,  2,018.00,Frenchware Cutlery (Set of 12, Stainless Steel Spoons - 6 and Forks - 6), 100% Food Grade, Non Toxic, Anti-Rust, Dishwasher Safe, Perfect Gifting Set for All Occasions
Ordered on 4 July 2024,BHIM UPI,  389.40,BonAyu Teeth Whitening Strips | With Activated Charcoal And Coconut Oil Effective Teeth Cleaner|(30 Strips)
Ordered on 29 June 2024,BHIM UPI,  279.00,JGD PRODUCTS Adavnced Glue UV Curved Tempered Glass for OnePlus 11 5G, OnePlus 11R 5G | with HD clearity Full Curved Edge Protection and Installation Kit
Ordered on 29 June 2024,BHIM UPI,  289.00,Jkobi Back Cover Case for OnePlus 11R (Shockproof Polycarbonate Dual Layer Hybrid Armor |Robust Blue)
Ordered on 28 June 2024,BHIM UPI,  279.00,Wooum Large Capacity Pencil Case Organizer, Pen Marker Holder for Students, Multipurpose Double Zipper Storage Bag, Big Pencil Pouch for College, School, Office, Makeup, Travel Pouch (T Grey)
Ordered on 28 June 2024,BHIM UPI,  189.05,INSIME Nail cutter set for adults | Big & small Toe nail cutter nail clippers set for men women | Nail cutter kit with side Fingernail Clippers for men women | Stainless steel Nailcutter set
Ordered on 28 June 2024,BHIM UPI,  689.00,TRUE HUMAN EMPEROR® Anti-Theft Bagkpack With USB Charging Port Laptop bag/Office bag/College bag/Travel bag with Anti -Theft back pocket (LEGEND)
Ordered on 25 June 2024,BHIM UPI,  215.00,worison Set of 3 Mechanical Lead Pencil and 12 Black Leads
Ordered on 24 June 2024,BHIM UPI,  210.00,Etechnic Tempered Glass Screen Protector For OnePlus 9R with Edge to Edge Coverage and Easy Installation kit, Pack of 1
Ordered on 24 June 2024,BHIM UPI,  519.00,Amazon Brand - Solimo Stainless Steel Insulated 24 Hours Hot and Cold Bottle, 500 ml, Silver
Ordered on 21 June 2024,BHIM UPI,  162.00,Biotique Banana Deeply Nourishing Hair Mask For Normal To Dry Hair, 175 Gram
Ordered on 19 June 2024,BHIM UPI,  199.00,Loyalmart Double Edge Smooth Safety Shaving Razor 10 CM Long Handle (Butterfly Open Mechanism, ABS Rubber Grip Plastic and Brass Body)
Ordered on 19 June 2024,BHIM UPI,  471.00,DR. MOREPEN GlucoOne Blood Glucose Monitor Model BG 03 with 25 Strips
Ordered on 19 June 2024,BHIM UPI,  237.00,Gillette Razor Wilkinson Sword Double Edge Razor Blades (50 In 1) (Pack Of 2) Saloon Pack by Rmr JaiHind
Ordered on 14 June 2024,Amazon Pay Later,  629.00,Allen Solly Men's Regular Fit T-Shirt (ASKPCURGFI04455_Green L)
Ordered on 8 June 2024,Amazon Pay Later,  739.00,Amazon Brand - Solimo Stainless Steel Insulated 24 Hour Hot or Cold Water Bottle for Men, Women & Kids, 1 Litre (Black)
Ordered on 8 June 2024,Amazon Pay Later,  2,239.00,JBL Wave Buds in-Ear Wireless Earbuds (TWS) with Mic,App for Customized Extra Bass Eq,32 Hours Battery&Quick Charge,Ip54 Water&Dust Resistance,Ambient Aware&Talk-Thru,Google Fastpair (Black)
Ordered on 8 June 2024,Amazon Pay Later,  349.00,Skudgear Neoprene Ankle Compression - 1Pc (Red) | Brace Socks With Silicone Strips | Easy Pain Relief | Toe Ankle Protection Guard | Ankle Wrap Band Men Women | Breathable | Velcro Elbow Compression
Ordered on 7 June 2024,Amazon Pay Later,  349.00,Skudgear Neoprene Ankle Compression - 1Pc (Red) | Brace Socks With Silicone Strips | Easy Pain Relief | Toe Ankle Protection Guard | Ankle Wrap Band Men Women | Breathable | Velcro Elbow Compression
Ordered on 7 June 2024,Amazon Pay Later,  499.00,DCZ Universal Phone/Action Camera Mount in Dashboard | Camera Car Windshield Suction Cup Mount | Great for Gopro Hero Xiaomi Yi, Sjcam, Vehicle Video Recorder, All Smartphone
Ordered on 2 June 2024,Amazon Pay Later,  199.00,Pikkme Oppo A31 Flip Case | Vintage Leather Finish | Inside TPU with Card Pockets | Wallet Stand and Shock Proof | Magnetic Closing | Flip Cover for Oppo A31 (Brown)
Ordered on 1 June 2024,Amazon Pay Later,  1,099.00,Zebronics MAX FURY Transparent RGB LED Illuminated Wired Gamepad for Windows PC, Android, with Dual analog sticks, Quad front triggers, Dual motors force, Haptic Feedback
Ordered on 1 June 2024,Mastercardending in 8968,  299.00,Amazon Prime (Monthly Membership)
Ordered on 19 May 2024,Amazon Pay Later,  1,683.00,VINCENT CHASE EYEWEAR By Lenskart | Full Rim Aviator Branded Latest and Stylish Sunglasses | Polarized and 100% UV Protected | Men & Women | Medium | VC 5158/P Black Frame/Grey Lens - Pack of 1
Ordered on 18 May 2024,Amazon Pay Later,  1,349.00,Syvo S-11 Camera Tripod, Flexible Gorilla Tripod Stand with Hidden Phone Holder w Cold Shoe Mount, 1/4'' Screw for Magic Arm, Universal for iPhone 14 13 Pro XS Max Samsung Canon Nikon Sony Cameras
Ordered on 17 May 2024,Amazon Pay Later,  1,280.00,BESTOR® USB C Hub HDMI Adapter, 6 in 1 Multiport Dock for MacBook pro to HDMI 4k,2 USB 3.0 Ports SD/TF Card Reader 55W PD,Compatible for USB C Laptops Nintendo and Other Type C Devices
Ordered on 5 May 2024,Amazon Pay Later,  200.00,Yamadura Yuesuo Mini Refillable Perfume Portable Atomizer Bottle Refillable Perfume Spray, Refill Pump Case For Traveling And Outgoing (5Ml, 4 Pack), Transparent
Ordered on 4 May 2024,Amazon Pay Later,  49.00,Ice Face Roller Silicone Facial Cube for Eyes Neck Massage Remove Dark Circle Pore Shrink Face Beauty Skin Care Ice Mould Kitchen Tools (PURPLE)
Ordered on 4 May 2024,Amazon Pay Later,  1,650.00,EnLigne LCD Writing Boards Children, 13 Inch Rechargeable Battery Colour Screen Doodle Board, Erasable Office Handwriting Tablet, Girls and Boys
Ordered on 23 April 2024,Amazon Pay Later,  99.00,Etechnic Tempered Glass Screen Protector For OnePlus 9R with Edge to Edge Coverage and Easy Installation kit, Pack of 1
Ordered on 22 April 2024,Amazon Pay Later,  378.00,DOOWON CABIN AC AIR FILTER FOR HYUNDAI VERNA,VENUE,KIA SONET,KIA CARENS.
Ordered on 22 April 2024,Amazon Pay Later,  699.00,Allen Solly Men'S Regular Fit Polo (Amkp317G04237_Green L)
Ordered on 22 April 2024,Amazon Pay Later,  699.00,Allen Solly Men's Plain Regular fit T-Shirt (ASKPQRGFM50454_Maroon L)
Ordered on 17 April 2024,Amazon Pay Later,  699.00,PREMNIL Men's Dryfit Lycra Track Suit - Half Sleeves Regular Fit Summer Track Suit Workout/Gym Running Sports Suit (X-Large)
Ordered on 17 April 2024,Amazon Pay Later,  749.00,CHKOKKO Men Half Sleeves Summer Sports Dryfit Tracksuit Dark grey L
Ordered on 14 April 2024,Amazon Pay Later,  299.00,Auto Mate AC Vent Foam Cleaner Spray for Car, Grade 2199 (300 g /331 ml), Cleans the Duct and Louver of Car Air Conditioners. Removes Dust, Bad Odour & Deodorizes the Car
Ordered on 10 April 2024,Amazon Pay Later,  824.00,Sparx Mens SX0406G Black Slip-On Sneaker - 8 UK (SX0406GBKBK0008)
Ordered on 5 April 2024,Amazon Pay Later,  1,398.00,ZORBES® Earpads Replacement JBL Ear Pads Cushions Softer Noise Isolation Earpads for JBL Headphones Tune 700(700BT)/710(710BT)/720(720BT)/750(750BT, 750BTNC)/760(760NC)/770(770NC)
Ordered on 29 March 2024,Mastercardending in 8968,  1,469.00,Portronics Luxcell Wireless Mini 10k 10000mAh 15W Magnetic Wireless Fast Charging Smallest Power Bank with 22.5 Wired Output Compatible with iPhone 12 & Above & Other QI Enabled Devices(Black)
Ordered on 22 March 2024,Amazon Pay Later,  199.00,Pinaaki Enterprises Nothing Phone 2 Camera Protector/Camera Lens Tempered Glass Compatible with Nothing Phone 2 Back Metal Ring (Silver)
Ordered on 20 March 2024,Amazon Pay Later,  1,445.00,POPIO Tempered Glass Screen Protector For Smartphone Compatible With Nothing Phone 2 (Black) Edge To Edge Coverage With Easy Installation Kit
Ordered on 17 March 2024,Amazon Pay Later,  349.00,PRINTMAN Re-writable/Reusable Notebook - Eco Friendly Notebook With 1 Erasable Pen/English Shaded Pages Also Consist Re-writable Pages(Total Pages - 192)(A5)(Size - 6 * 8.25 Inch)(Red)
Ordered on 16 March 2024,Amazon Pay Later,  2,058.00,amazon basics 256GB Ultra Fast USB 3.1 Flash Drive
Ordered on 5 March 2024,Amazon Pay Later,  2,053.00,Woscher i6 150 PSI Electric Tyre Portable Inflator Pump for Car & Bike | Car air Pump for Tyres | Car Pump | Air Pressure Pump | 4000 mAh | Digital HD Display | 4 Air Fill Modes | LED Light |Type C
Ordered on 5 March 2024,Amazon Pay Later,  699.00,Van Heusen Men's Regular fit T-Shirt (VSKP517S011407_Grey Mélange L)
Ordered on 5 March 2024,Amazon Pay Later,  699.00,Van Heusen Men's Regular Fit Polo T-Shirt (VSKP517S011408_Black L)
Ordered on 4 March 2024,No current charges,  0.00,Naitik Creation A5 Smart White Board | Small Reusable Whiteboard Notebook with Black Pen for Business Meeting, School, Home, Office - Assorted Color
Ordered on 4 March 2024,Amazon Pay Later,  1,448.00,Allen Solly Men Indigo Melange Regular Fit Polo(AMKP317G04250_Indigo Melange_L)
Ordered on 3 March 2024,Amazon Pay Later,  285.00,DAHSHA Pocket Sized Stitched PU Leather Credit Card Holder Visiting Business Card Case Wallet with Magnetic Shut for Men & Women (10 x 6 x 1.6 cm, Coffee Brown)
Ordered on 3 March 2024,Amazon Pay Later,  1,483.00,Bella Vita Luxury Best Of Men Perfumes Combo, Pack of 3 Premium Long Lasting EDP Fragrance Scents - G.O.A.T, B.L.U, KLUB, 100 Ml Each
Ordered on 3 March 2024,Amazon Pay Later,  549.00,Naitik Creation A5 Smart White Board | Small Reusable Whiteboard Notebook with Black Pen for Business Meeting, School, Home, Office - Assorted Color
Ordered on 25 February 2024,Amazon Pay Later,  279.00,Hillgrove 8in1 Basic 25W Soldering Iron Kit with 5 Meter Solder Wire, Flux, Stand, Tester, Bit, Tweezer, Wick 25 W Simple (Flat, Pointed Tip)
Ordered on 23 February 2024,Amazon Pay Later,  309.00,ieopon Villa USB 3.1 Type-C Socket with PCB Mobile Phone Fast Charging Interface Header Male Connector Pack of 10
Ordered on 16 February 2024,Amazon Pay Later,  254.00,20W Mini Hot Glue Gun Kit: Effortless Crafting with ON/OFF Switch, LED Indicator, and Bonus 15 Transparent Glue Sticks Included
Ordered on 16 February 2024,Amazon Pay Later,  230.00,Electronic Spices Pack of 20 USB Connector – A Type Female Straight
Ordered on 15 February 2024,Amazon Pay Later,  1,229.00,"Electronic Spices Single-Core Breadboard Jumper Hookup Wire""pure Copper"" Breadboard Wire", 22 Gauge Wire, Hookup Wire (5 Meters/5 color, Total 25 Meters Pack)
Ordered on 14 February 2024,No current charges,  0.00,Ekdant 41 pcs Multipurpose Magnetic Toolkit Screw Driver Set
Ordered on 13 February 2024,Amazon Pay Later,  197.00,BRISTO LCD Display Digital Multi-meter Digital Multimeter (Yellow Color)
Ordered on 13 February 2024,Amazon Pay Later,  898.00,PagKis 155mm Precise Wire Cutter Stripper with Cutting Edge - 0.6 mm to 2.6 mm
Ordered on 13 February 2024,Amazon Pay Later,  399.00,Ekdant 41 pcs Multipurpose Magnetic Toolkit Screw Driver Set
Ordered on 13 February 2024,Amazon Pay Later,  129.00,ICSTORE -C - Type Female USB Port Plug 6-Pin SMD SMT Jack Solder Connector (Pack of 5)
Ordered on 12 February 2024,Amazon Pay Later,  239.00,Amazon Brand – Eono Multipurpose Ultrasoft Microfiber Towels for Car and Bike Detailing, Cleaning, Washing, Polishing, Kitchen Cleaning and dusting Cloth for Cleaning (40x40 cms 600 GSM, Pack of 2)
Ordered on 23 January 2024,Amazon Pay Later,  999.00,BHAVEN CREATIONS Made in India Premium Single Electric Bed Warmer (76 X 152 cm, Blue)
Ordered on 23 January 2024,Amazon Pay Later,  199.00,U & U UNIQUE UTILITIES Facial Elastic Headband for Women Makeup (Pink) - Pack of 2
Ordered on 17 January 2024,Amazon Pay Later,  1,599.00,Wings Vader 350 Gaming Headphone with 50 mm Drivers, Extra Soft Earmuffs, Ergonomic Gaming Headset Adjustable in-Game Mic Low Latency Gaming Mode and Bluetooth 5.2
Ordered on 9 January 2024,Amazon Pay Later,  390.00,Dixcy Scott Men's Cotton Regulart Fit Solid (Pack of 3) (Titan Trunk ASSTD-P3_Assorted_M)
Ordered on 9 January 2024,Amazon Pay Later,  1,155.00,Lux Inferno Men's Thermal (Inferno_CH_FS_RN_TRO_Set_85_Grey_Medium)
Ordered on 2 January 2024,Amazon Pay Later,  1,500.00,U.S. POLO ASSN. Men's Slim Jeans (UDJENO0464_Dark Blue_32)
Ordered on 24 December 2023,Amazon Pay Later,  1,799.00,Wings Phantom 340 Best Low Latency 40ms Earbuds, Sync App Support, Ergonomically Designed Case, 50 Hours Playtime, Quad ENC Mic, Touch Controls.
Ordered on 21 December 2023,Amazon Pay Later,  229.00,FEGSY Winter Beanie Cap for Men, and Women Wool Knitted Hat with Woolen Neck Warmer Scarf Muffler (Grey)
Ordered on 7 December 2023,Amazon Pay Later,  444.00,DVTECH® ASUS Vivobook 14X OLED K3405VCB (14 Inch) laptop Screen protector 9H Flexible Unbreakable Scratch resistance (Flexible Screen Protector)
Ordered on 3 December 2023,"Mastercardending in 8968
EMI Rs. 3916.56 for 24 months",  79,990.00,ASUS Creator Series Vivobook 14X OLED (2023), Intel Core i7-12650H 12th Gen," 14"" (35.56 cm) 2.8K 90Hz OLED", Laptop (16GB/1TB/4GB RTX 2050/Win11/Office 2021/FP/Black/1.4 kg), K3405ZFB-KM751WS
Ordered on 6 November 2023,No current charges,  0.00,Trendy Club Spa Facial Headband 3 Pcs Adjustable Velvet Makeup Head Wrap With Magic Tape, Sweat Hair Towel For Sport, Face Wash & Shower For Girls & W
Ordered on 6 November 2023,Amazon Pay Later,  132.00,Lapster 1.5 mtr USB 2.0 Type A Male to USB A Male Cable for Computer and Laptop
Ordered on 1 November 2023,Mastercardending in 8968,  797.00,Red Tape Men's Cotton Blend Hooded Neck Sweatshirt(RHE0234-M_Dark Navy_M)
Ordered on 1 November 2023,Mastercardending in 8968,  290.00,Scotch-Brite Microfiber Polishing Wipe (Grey) (SB MF Polishing wipe Rs 149)
Ordered on 1 November 2023,Mastercardending in 8968,  517.00,Trendy Club Spa Facial Headband 3 Pcs Adjustable Velvet Makeup Head Wrap With Magic Tape, Sweat Hair Towel For Sport, Face Wash & Shower For Girls & Women - Multicolor
Ordered on 20 October 2023,"Mastercardending in 8968
EMI Rs. 605.46 for 3 months",  1,769.00,NutriPro Juicer Mixer Grinder - Smoothie Maker - 500 Watts (2 Jars, Silver)
Ordered on 14 October 2023,Amazon Pay Balance,  440.00,RENESMEE Scalp Massager Shampoo Brush, Eco-friendly Wheat Straw body with Soft Silicon Bristles, Hair Scalp Scrubber, Scalp Exfoliator | Dandruff Removal, Prevents Hair loss for Men, Women (Pink)
Ordered on 8 October 2023,Mastercardending in 8968,  6,399.00,MSI PRO MP241X 24-Inch Full HD Computer Monitor - Professional LED Monitor with 75Hz Refresh Rate, Anti-Glare & Anti-Flicker Technology PC Monitor for Desktop (Black)
Ordered on 8 October 2023,,  7,199.00,Da URBAN® Merlion Office Chair,High Back Mesh Ergonomic Home Office Desk Chair with 3 Years Warranty, Adjustable Armrests,Adjustable Lumbar Support,Tilt Lock Mechanism (Grey)
Ordered on 29 September 2023,Mastercardending in 8968,  294.00,Frocel 1 Pcs - Fixate Anti-Slip Gel Pads Sticky Mobile Stand (Set Of 1)
Ordered on 24 September 2023,Amazon Pay Later,  190.00,Crescent Non-Electric Rubber Hot Water Bag for Muscle Relaxation, aches Soothing and Pain Relieve| Unisex| Water Storage Capacity: 1.5 L| Color: Red
Ordered on 24 September 2023,Amazon Pay Later,  624.00,YOURKARTS.COM Car Dashboard Solar Helicopter wings Rotating on solar power giving Fresh Aroma with plant based Perfume (BLACK)
Ordered on 19 September 2023,"Mastercardending in 8968
EMI Rs. 6119.90 for 24 months",  1,24,990.00,ASUS ROG Zephyrus G14 (2022)," 14"" (35.56 cm) FHD+ 16:10 144Hz/3ms", AMD Ryzen 7 6800HS, 8GB Radeon RX 6700S, Gaming Laptop (16GB/1TB SSD/Windows 11/with Office/Eclipse Gray/1.65 Kg), GA402RJZ-L4134WS
Ordered on 3 September 2023,Amazon Pay Later,  577.00,ZORO Double Ring Black Nylon Woven Fabric Belt for Men | NB-610
Ordered on 3 September 2023,Amazon Pay Later,  399.00,Sassoon Anatolia 100% Cotton 1 Piece XL Bath Towel 500 GSM (Crimson – 70X140 cms) – Extra Soft, Quick Drying & Super Absorbent Bath Towel for Men/Women
Ordered on 3 September 2023,Amazon Pay Later,  2,299.00,Bhayani Nileey Foldable Toy Drone With Hq Wifi Camera Remote Control For Kids Quadcopter With Gesture Selfie, Flips Bounce Mode, App One Key Headless Mode, Black
Ordered on 9 August 2023,No current charges,  0.00,Amitasha Remote Control WiFi HD Dual Camera Foldable Drone RC Toy for Kids & Adults with 2x1800mAh Rechargeable Battery (Camera Drone)
Ordered on 9 August 2023,Amazon Pay Later,  879.00,Kangaroo® Car Care Kit (Car Polish + Dashboard Polish + Scratch Remover) 200 ML Each + 2 Sponge Fast and Easy to Use
Ordered on 7 August 2023,Amazon Pay Later,  2,364.00,U.S. POLO ASSN. BRONEL Fabric Sneaker Off White
Ordered on 6 August 2023,Mastercardending in 8968,  2,237.00,Woodland Men's Leather Moccasins-7 UK (41 EU) (8 US) (GC 3013118_DNAVY 4)
Ordered on 6 August 2023,Mastercardending in 8968,  999.00,Ben Martin Men's Bomber Jacket (215-BMW-JKT-FS-18012-BLK_Black_M)
Ordered on 5 August 2023,Amazon Pay Later,  2,999.00,Amitasha Remote Control WiFi HD Dual Camera Foldable Drone RC Toy for Kids & Adults with 1800mAh Rechargeable Battery (Camera Drone)
Ordered on 3 August 2023,Amazon Pay Later,  113.00,Lapster USB all types smartwatch charger cable for Boat Xtend,boat storm, W26 W26+ W26m W55+, Noise ColorFit Pulse, Colorfit Ultra/Ultra 2, All 2 Pin Watch (Cable Only
Ordered on 31 July 2023,Amazon Pay Later,  150.00,Pentonic Gel Pen With Hard Box Case | 0.6 mm-1.0 mm | Waterproof Gel Ink, Sleek Matt Finish Body | Comfortable Grip For Effortless Writing Experience | Multicolor Ink, Black Body, Pack Of 10 Pens
Ordered on 23 July 2023,Amazon Pay Later,  637.00,Red Tape Polo T-Shirt for Men | Comfortable & Breathable_RHP0405-M White
Ordered on 23 July 2023,Amazon Pay Later,  659.00,Allen Solly Men Jet Black Regular Fit Polo(AMKP317G04249_Jet Black_L)
Ordered on 27 June 2023,BHIM UPI,  1,049.00,Man Matters DHT Blocker Biotin Gummies for Hair & Beard | 90 Day Pack | Effectively Blocks DHT | With Biotin Vitamin A, C, E & Zinc | For Healthy & Strong Hair | Strawberry Flavored |100% Vegetarian
Ordered on 27 May 2023,Amazon Pay Later,  693.98,Amazon Basics 1500W Electric Kettle (Stainless Steel body, 1.5L)
Ordered on 25 May 2023,Amazon Pay Later,  1,499.00,Amazon Prime (Yearly Membership)
Ordered on 22 May 2023,Amazon Pay Later,  9,199.00,Keychron K2 - Version 2 - Hot-Swappable - RED Switch | Wireless Bluetooth/USB Wired Mechanical Keyboard, Compact 84 Keys RGB LED Backlit, N-Key Rollover
Ordered on 14 May 2023,Amazon Pay Later,  7,389.00,GameSir GK300 Wireless Mechanical Gaming Keyboard for Windows PC/Android, USB Wireless Multimedia Keyboard with LED Backlight.
Ordered on 10 May 2023,Amazon Pay Later,  301.00,INVOLVE ® Elements Aqua Spray Air Perfume - Cool Marine Scent Car Air Freshener IELE01 Car Accessories Interior car perfumes and fresheners
Ordered on 10 May 2023,Amazon Pay Later,  198.00,Softouch Face Tissue Box 200 pull 400 Sheet
Ordered on 1 April 2023,Amazon Pay Later,  927.00,Dr. Morepen BG-03 Gluco One Glucometer Combo, 50 Strips (Multicolor)
Ordered on 21 March 2023,Amazon Pay Later,  199.00,Dreamy SSUO CR1616 Lithium Coin Type Batteries for Watch and Calculator (Pack of 5 Batteries)
Ordered on 12 March 2023,Amazon Pay Later,  1,789.00,Oraimo Electric Toothbrush for Adults-oraimo Rechargeable Power Toothbrush with 8 Dupont Brush Heads,Sonic Toothbrush Holder,5 Optional Modes, 2 Minute Smart Timer, 3 Hr Fast Charge for 60 Days,Black
Ordered on 12 March 2023,Amazon Pay Later,  177.00,ANVE Oral Care Dental Floss Toothpick Sticks
Ordered on 4 March 2023,Amazon Pay Later,  359.00,The Vitamin Factory Calcium Supplement Ideal for Women and Men With Magnesium Zinc Vitamin D3 B12 K2, Complete Bone Health & Joint Support - 120 Veg Tablets (Pack of 2)
Ordered on 20 February 2023,BHIM UPI,  4,299.00,R.k. Aqua Fresh India Swift Plus Ultra Alakline+Copper 12ltrs 14Stage Advanced Protection (Ro+Uv+Uf+Copper+Alkaline+Tds Adjuster) Technology Ro Water Purifier
Ordered on 12 February 2023,Amazon Pay Balance,  999.00,Spotzero by Milton Classic 360 Degree Cleaning Spin Mop with Easy Wheels, 2 Refill and Bucket
Ordered on 11 February 2023,BHIM UPI,  3,498.00,JBL Wave 200 TWS, True Wireless in-Ear Earbuds with Mic, 20 Hours Playtime, Deep Bass Sound, use Single Earbud or Both, Bluetooth 5.0, Type C & Voice Assistant Support for Mobile Phones (Blue)
Ordered on 5 February 2023,Amazon Pay Later,  598.00,PharmEasy Hot Water Bag & Heating Pad for Pain Relief - 2 Ltr (Blue)
Ordered on 3 February 2023,Pay on Delivery,  1,149.00,Borosil - Glass Lunch Box Set of 3, 320 ml, Microwave Safe Office Tiffin (12 x 12 x 6.5 cm, Transparent)
Ordered on 14 January 2023,Amazon Pay Later,  899.00,SHOPEE 40 PCS Curtain Backdrop Rings with Clips, Drapery Clips with Rings, Hangers Drapes Rings 2 Inch Interior Diameter, Fits up to 1.75 Inch Curtain Rod,Silver
Ordered on 14 January 2023,Amazon Pay Later,  3,299.00,21 Inches LCD Writing Tablet, Proffisy Rechargeable E-Note Pad, Reusable Digital Tablet with Eye Protect Big Multicolor Screen for Kids & Adults Writing, Drawing, Learning, Playing, Handwriting(Pink)
Ordered on 4 January 2023,Amazon Pay Later,  738.00,HP 32GB Class 10 MicroSD Memory Card (U1 TF Card 32GB)
Ordered on 4 January 2023,Amazon Pay Later,  799.00,DEEUCO Men's Ethnic Golden and Maroon Embroidery Design Wedding,Party and Sherwani Jutti,Mojari
Ordered on 31 December 2022,"Mastercardending in 8968
EMI Rs. 3674.11 for 3 months",  1,614.05,PegasusPremium PU Leatherite car Trunk/Boot/Dicky Mat for KIA Sonet (Black and Red)
Ordered on 31 December 2022,"Mastercardending in 8968
EMI Rs. 3674.11 for 3 months",  5,864.00,CP PLUS 2MP Full HD Smart Wi-fi CCTV Security Camera |360° with Pan & Tilt | View & Talk | Motion Alert | Night Vision |SD Card (Up to 128 GB) |Alexa & Google Support | IR Distance 10mtr | CP-E25A
Ordered on 31 December 2022,"Mastercardending in 8968
EMI Rs. 3674.11 for 3 months",  2,693.00,AutoBizarre Black Aeroplane Aircraft Shaped Solar Powered Rotating Fan Car Air Freshener Car Dashboard Accessory For Car Interior Decoration For All Cars
Ordered on 31 December 2022,"Mastercardending in 8968
EMI Rs. 3674.11 for 3 months",  899.00,ANITA CORPORATION Car Cushion and Head Rest Pillow Set for Pain Relief, Ergonomic Cervical, Back and Neck Support, 12 x 12 Inch, Black, 4 Pieces
Ordered on 26 December 2022,No current charges,  0.00,ESSAY SPORTS Mens Polyster Lycra Regular Fit TrackSuit - Black (L)_{TS001}
Ordered on 24 December 2022,Mastercardending in 8968,  1,249.00,ESSAY SPORTS Mens Polyster Lycra Regular Fit TrackSuit - Black (M)_{TS001}
Ordered on 24 December 2022,Mastercardending in 8968,  1,513.00,"AmazonBasics 1"" Curtain Clip Ring", Set of 7, Black
Ordered on 24 December 2022,Amazon Pay Later,  1,562.00,NORTHWIND Men's High and Turtle Neck Cotton T-Shirt (Black, Medium)
Ordered on 6 December 2022,Amazon Pay Later,  644.00,The Healthy Company Plant Based SUPER BIOTIN 10000 mcg with Sesbania & Bamboo Shoot Extract for Hair Re-growth & Stronger Hair | 25 sachets, 125 gm Powder
Ordered on 6 December 2022,Amazon Pay Later,  199.00,Man Matters Nourish Skin Gummies for Glowing Skin | Delicious Gummy with Vitamin C, Hyaluronic Acid, Vitamin E & Sea Buckthorn | Gummies 30 Count
Ordered on 3 December 2022,Amazon Pay Later,  279.00,CLTWET Study Table/Bed Table/Foldable and Portable Wooden/Writing Desk for Office/Home/School (Wood PRO)
Ordered on 3 December 2022,Amazon Pay Later,  969.00,Amazon Brand - Symbol Men's Relaxed Fit Jeans (AD-RN-374, Dark Rinse, 32)
Ordered on 3 December 2022,Amazon Pay Later,  699.00,Urbano Fashion Men's Slim Fit Jeans (eps-black-32-07_Black_32)
Ordered on 3 December 2022,Amazon Pay Later,  599.00,Portronics Ruffpad 10X Re-Writable LCD Writing Pad with with App Support, 10 inch(25.4cm) Writing Area, Single Tap Erase, Smart Lock, Long Battery Life (White)
Ordered on 16 November 2022,Amazon Pay Later,  199.00,Lapster USB 3.0 A to Micro B SuperSpeed for hard disk cable - short cable
Ordered on 5 November 2022,Amazon Pay Later,  879.00,Sparx Men's White Black Running Shoe-10 Kids UK (SX0679G)
Ordered on 2 November 2022,Amazon Pay Later,  1,014.00,Sparx Men's T. Blue Silver Running Shoe-10 Kids UK (SX0484G)
Ordered on 2 November 2022,Amazon Pay Later,  270.00,Desire Popcorn Kernel Seeds 1 Kg | Big Size Gourmet Pop Corn Kernels Imported | High Expansion, A Grade Makkai Popcorn
Ordered on 31 October 2022,Amazon Pay Later,  490.00,Desire Popcorn Kernel Seeds 2 Kg | Big Size Gourmet Pop Corn Kernels Imported | High Expansion, A Grade Makkai Popcorn
Ordered on 26 October 2022,Amazon Pay Later,  428.00,London Hills Solid Men Round White T-Shirt
Ordered on 26 October 2022,Amazon Pay Later,  412.00,Cello H2O Stainless Steel Water Bottle, 1 Litre, Blue
Ordered on 24 October 2022,Amazon Pay Later,  799.00,Prestige 1.5 Litre Kettle 1500-watts, Red
Ordered on 23 October 2022,Amazon Pay Later,  777.00,Pidilite T16 Roff Cera Clean Professional Tile, Floor & Ceramic Cleaner, Multi-surface Floor and Tile Cleaner, Removes Stubborn Stains,1 litre
Ordered on 22 October 2022,Amazon Pay Later,  1,313.76,"KROST Heavy Duty 2"" Drill Vice (50mm)"
Ordered on 21 October 2022,Amazon Pay Later,  395.00,FLIPZON 12 Pairs, Metal & Plastic Shoe Stand Multi-Purpose Shoe Rack (4 Shelves)(Rustproof)(Small)
Ordered on 16 October 2022,Amazon Pay Later,  169.00,Navneet HQ | EZEE Disc Notebook Diary for Personal and Office Use | Single Line | A5 Size - 21 cm x 14.8 cm | White | 120 Pages
Ordered on 5 October 2022,Amazon Pay Later,  449.00,tgopit Men's Body Shaper Slimming Shirt Tummy Vest Thermal Compression Base Layer Belly Buster Underwear Slim Muscle Tank Top Shapewear(White) (XL)
Ordered on 2 October 2022,Amazon Pay Later,  1,248.00,Man Matters Hair Scalp Manual Massager | Head Massager | Helps to Exfoliate and Stimulates Scalp | Lightweight and Comfortable Grip | Blue
Ordered on 28 September 2022,Amazon Pay Balance,  581.00,NEWYES Erasable Pen Set of Two Black
Ordered on 24 September 2022,Amazon Pay Later,  498.00,JALPOORNA Multi Functional Solid Wooden Plastic Natural Finish Suit Coat Hangers with 2 Shoulder Notches 360 Degree Swivel Hook (Beige, Pack of 4)
Ordered on 24 September 2022,Amazon Pay Later,  794.00,Man Matters Biotin Hair Gummies for Men | Keeps Hair Healthy and Strong | Strawberry Flavoured | Vitamin A, Vitamin C, Vitamin E & Zinc | 100% Vegetarian | 60 Days Pack
Ordered on 27 August 2022,Amazon Pay Later,  1,799.00,Wipro Vesta 1380W Cordless Steam Iron Quick heat up with 20gm/ min Steam Burst, Scratch resistant Ceramic soleplate ,Vertical and Horizontal Ironing, Steam burst of upto .8g/ shot
Ordered on 12 August 2022,No current charges,  0.00,KNOOS Men's Cent Casual Loafers-(BOB1015-BR-8) Brown
Ordered on 10 August 2022,Amazon Pay Balance,  783.00,London Hills Men's Regular Fit T-Shirt (LH_T_R_HF_451_BLACK_SIZE.M_Black_Medium)
Ordered on 9 August 2022,Amazon Pay Later,  2,364.00,Man Matters Biotin Hair Gummies for Men | Keeps Hair Healthy and Strong | Strawberry Flavoured | Vitamin A, Vitamin C, Vitamin E & Zinc | 100% Vegetarian | 60 Days Pack
Ordered on 9 August 2022,Amazon Pay Later,  1,063.00,Red Tape Mens Sneaker, Black, 9 UK
Ordered on 9 August 2022,Amazon Pay Later,  499.00,KNOOS Men's Cent Casual Loafers-(BOB1015-BR-9) Brown
Ordered on 9 August 2022,No current charges,  0.00,Red Tape mens Sneaker, NAVY, 9 UK
Ordered on 5 August 2022,Mastercardending in 8968,  539.00,Peter England Men's Solid Regular Polo Shirt (PCKPSRGPQ78785_White M)
Ordered on 5 August 2022,Mastercardending in 8968,  3,557.00,Red Tape Men's Rte277b Navy Sneaker (RTE2774B)
Ordered on 5 August 2022,Mastercardending in 8968,  649.00,Peter England Men's Slim Polo Shirt (PCKPSSGF930285M_Dark Green M)
Ordered on 30 July 2022,Amazon Pay Later,  2,799.00,Puma Unisex Adult BMW MMS Drift Cat 5 Ultra II White Black Sneaker-8 UK (30642102)
Ordered on 28 July 2022,Amazon Pay Later,  2,449.00,Puma Unisex Adult BMW MMS Drift Cat 5 Ultra II White Black Sneaker-9 UK (30642102)
Ordered on 27 July 2022,Amazon Pay Balance,  799.00,OnePlus Warp Charge Type-C Cable (100cm, Red)
Ordered on 23 July 2022,Mastercardending in 8968,  599.00,ENDEAVOUR WEAR Grey Men's Lycra Stretchable Regular Fit Joggers Track Pant Lower Payjama
Ordered on 23 July 2022,Mastercardending in 8968,  3,543.00,boAt Xtend Smartwatch with Alexa Built-in, 1.69” HD Display, Multiple Watch Faces, Stress Monitor, Heart & SpO2 Monitoring, 14 Sports Modes, Sleep Monitor, 5 ATM & 7 Days Battery(Pitch Black)
Ordered on 23 July 2022,Mastercardending in 8968,  1,534.00,Jockey Men's Cotton Briefs (Pack of 1) (8009-0105-GRYML_Grey Melange_Large_Grey Melange_L)
Ordered on 23 July 2022,Mastercardending in 8968,  4,319.00,Puma Unisex Adult MAPF1 Rdg Cat White-Mercedes Team Silver-Spectra Green Sneaker-8 UK (30665005)
Ordered on 23 July 2022,Mastercardending in 8968,  599.00,Vida Loca Cotton Men's Casual Kurta (40, Grey)
Ordered on 22 July 2022,Mastercardending in 8968,  922.00,Van Heusen Athleisure Men's Regular Fit Polo (60033_Grey Melange M)
Ordered on 12 July 2022,Amazon Pay Later,  1,745.00,Rajnandini Women's Navy Blue Cotton Printed Unstitched Salwar Suit Material(JOPLVSM4136)
Ordered on 6 July 2022,Amazon Pay Later,  284.89,Frestol Cotton 1 Bath Towel 2 Hand Towels 3 face Towels Red
Ordered on 4 June 2022,Mastercardending in 8968,  876.00,AirCase C24 13.3 Inch/14 Inch Messenger Laptop Bag with Shoulder Strap, Water resistant, Handle and 2 Multi Utility Compartments (Black)
Ordered on 1 June 2022,BHIM UPI,  499.00,CLUB SPUNKY Casual Tan Color Genuine Leather Belt with Double Prong Buckle for Jeans and Casual Wear belt for men stylish Leather for Men's/Boys ||CSBL-BRBKL-05|| (34, Z Brown)
Ordered on 30 May 2022,BHIM UPI,  599.00,ADILEE Men's Regular Fit Joggers (Jogger Pants/Dark Grey/L_Dark Grey_L)
Ordered on 30 May 2022,Amazon Pay Later,  1,076.00,Jockey Men's Cotton Trunk(Pack of 1) (1015-0110-ASSTD Black L_Black_L)
Ordered on 28 May 2022,Amazon Pay Later,  8,399.00,Seagate One Touch 4TB External HDD with Password Protection – Black, for Windows and Mac, with 3 yr Data Recovery Services, and 4 Months Adobe CC Photography (STKZ4000400)
Ordered on 25 May 2022,Amazon Pay Later,  448.00,Rexez Tempered Glass Screen Protector for OnePlus 9R tempered glass with Edge to Edge Coverage and Easy Installation Kit, Pack of 1
Ordered on 3 May 2022,BHIM UPI,  1,190.00,Ant Esports KM500W Gaming Backlit Keyboard and Mouse Combo, LED Wired Gaming Keyboard, Ergonomic & Wrist Rest Keyboard, Programmable Gaming Mouse for PC/Laptop/Mac- World of Warships Edition
Ordered on 2 May 2022,BHIM UPI,  629.10,The Organic Basket Sweet and Fresh Dried Apricot, Khumani (Grade - Big Size) 1Kg
Ordered on 2 May 2022,Amazon Pay Later,  489.00,Home Genie Push Up Board 14 in 1 Push Up Board | Push-Up Support Fitness Equipment | Home Practice Multi-Function Push-Ups Board Set (14 in 1 Push up Board)
Ordered on 27 April 2022,Amazon Pay Later,  220.00,Happilo Premium International Dried Tropical Fruit Medley 200g | Wholesome & Vitamin Rich Healthy Snack | No Artificial Colors, Gluten Free, No Preservatives
Ordered on 27 April 2022,Amazon Pay Later,  168.00,Biotique Argan Oil Hair Mask from Morocco (Ideal for Frizz -Free and Stronger Hair), 175g
Ordered on 27 April 2022,Amazon Pay Later,  437.00,Bare Body Essentials Bum Cream, Dermatologist Approved, Reduces Dark Spots and Acne, Prevents Stretch Marks, Lightens, Brightens, Smoothens & Anticellulite Back and Bum Skin, With Coffee, Orange Peel and Honey, 60g
Ordered on 27 April 2022,Amazon Pay Later,  299.00,SOFTSPUN Microfiber Cloth - 4 pcs - 40x40 cms - 340 GSM Grey- Thick Lint & Streak-Free Multipurpose Cloths - Automotive Microfibre Towels for Car Bike Cleaning Polishing Washing & Detailing
Ordered on 27 April 2022,Amazon Pay Later,  180.00,Mishtienterprises Matte Black Color polyresin Adiyogi Shiva Idol for Home Décor, Gift & Puja, Car Dashboard Statue (4.5 inch)
Ordered on 27 April 2022,Amazon Pay Later,  319.00,bare body essentials Spotless, Soft and Nourished Underarm Cream - Enriched with Vitamin E, Evens Out Dark, for all skin types, White, Vanilla, 50 gm
Ordered on 25 April 2022,Amazon Pay Later,  447.00,Nova NHP 8100 Silky Shine 1200 Watts Hot and Cold Foldable Hair Dryer- Black
Ordered on 23 April 2022,Amazon Pay Later,  169.00,Gadget Deals Three Head Massager (1 Octopus-Shaped. 1 Bokama, 1 Steel Ball Head Massager) Pain Relief And Hair Growth Neck Massage scalp massager Relax head massager machine / Head Scalp Massager
Ordered on 23 April 2022,Amazon Pay Later,  199.00,GUBB Elite Range Round Hair Brush For Blow Drying & Hair Styling: Perfect Tool for Efficient Blow Drying, Adding Curls, Waves & Volume | Premium Nylon Bristles to gently Shape & Style your Locks | Lightweight , Long Lasting Curles & Waves - For All Hair Types - For Women, Men, Wet And Dry Hair
Ordered on 23 April 2022,Amazon Pay Later,  349.00,Karigaari Ceramic Ganesha Car Dashboard Idol, 3x2x3 Inches, Multicolour
Ordered on 23 April 2022,Amazon Pay Later,  275.00,Godrej aer click, Car Vent Air Freshener Kit - Cool Surf Blue (10g)
Ordered on 23 April 2022,Amazon Pay Later,  399.00,Portronics MoGun POR-1035 Universal Mobile Holder, Magnetic, 360 Degree Rotation, Car Dashboard or Windscreen, Any Smartphone, Black
Ordered on 23 April 2022,Amazon Pay Later,  129.00,FLiX (Beetel) Hike 2.4A,12W Fast Charging Car Charger,Dual USB Port,BIS Certified, Made in India, Fire Resistant, Lightweight, Stylish Car Charger for All Mobiles with Micro USB Cable (Black)(XCC-31D)
Ordered on 21 April 2022,Amazon Pay Later,  149.00,Fresh Active Roll On For Men
Ordered on 21 April 2022,Amazon Pay Later,  718.00,Beardo Ball Sack Spray | Intimate Perfume Spray for Men | For Fresh, Dry Balls | Prevents Odour, itch, irritation in private parts
Ordered on 2 April 2022,Amazon Pay Later,  999.00,Spotzero by Milton Classic 360 Degree Cleaning Spin Mop with Easy Wheels, 2 Refill and Bucket
Ordered on 1 April 2022,Amazon Pay Later,  299.00,STUDOZ Soft Silicone Electroplating Edge Clear Transparent Flexible Bumper Back Cover Case for OnePlus 9R (Blue)
Ordered on 1 April 2022,Amazon Pay Later,  149.00,AEIDESS Tempered Glass Screen Protector Compatible for Oneplus 9R with Edge to Edge Coverage and Easy Installation Kit, Pack of 1
Ordered on 28 March 2022,Amazon Pay Later,  265.00,Pigeon Polypropylene Mini Handy and Compact Chopper with 3 Blades for Effortlessly Chopping Vegetables and Fruits for Your Kitchen (12420, Green, 400 ml)
Ordered on 20 March 2022,BHIM UPI,  199.00,FURR By Pee Safe Natural Hair Removal Cream 100gm Enriched With Vitamin E Turmeric Jojoba Oil Avocado Triple Response Formula For All Skin Types, 1 Count
Ordered on 10 March 2022,Amazon Pay Later,  999.00,beatXP BP Machine - Fully Automatic Blood Pressure Monitor Large Cuff Size - One Button Operation - 1 Yr Warranty - Memory Feature with Pulse Rate Detection - Large Display Size
Ordered on 7 March 2022,Amazon Pay Later,  247.00,ZHART Professional Knife Sharpener for Both Knives and Tools, Original Combination Water Sharpening Stone for Kitchen, Survival KIT, Blade Best Grinding Device CSSC109
Ordered on 2 March 2022,Amazon Pay Later,  331.00,Pigeon by Stove Kraft Shears Kitchen Knifes 6 Piece Set with Wooden Block
Ordered on 28 February 2022,Amazon Pay Later,  299.00,LEOTUDE Regular Fit Half Sleeve Men's Polo T-Shirt (Black Grey Colored, Size: M)
Ordered on 28 February 2022,Amazon Pay Later,  816.00,PUMA Men's Travel Polo, White, Medirum
Ordered on 14 February 2022,Amazon Pay Later,  431.00,"ALCRAFT Personalized Premium Leather Journal Notebook with Natural Ocean Blue Stone| Leather Diary| Diary with Lock- 7 * 5"" Inches"
Ordered on 12 February 2022,Amazon Pay Balance,  349.00,Tygot Adjustable Aluminium Alloy Tripod Stand Holder for Mobile Phones & Camera, 360 mm -1050 mm, 1/4 inch Screw + Mobile Holder Bracket
Ordered on 12 February 2022,Amazon Pay Balance,  1,499.00,Amazon Prime (Yearly Membership)
Ordered on 4 February 2022,Amazon Pay Later,  299.00,Scott International Men's Regular Fit T-Shirts (BSH3-BL-L_Black_Large)
Ordered on 4 February 2022,Amazon Pay Later,  1,257.00,yeesport 14PCS Teeth Whitening Strip Portable Dental Whitening Strip Reduced Sensitivity White Strips
Ordered on 30 January 2022,Amazon Pay Later,  223.00,Quantum QHM6660 4 Port Hi-Speed USB Hub with Power Switch (Multicolor)
Ordered on 29 January 2022,Amazon Pay Later,  699.00,BATA Men's Foot Thrill Slip-On Running Shoes (859-6062-9) Black
Ordered on 29 January 2022,Amazon Pay Later,  891.00,Sparx Men's Sx0406g Black Running Shoes-8 UK (SM406_BKBK008)
Ordered on 28 January 2022,Amazon Pay Later,  98.00,12 Years A Slave: A True Story
Ordered on 28 January 2022,Amazon Pay Later,  328.00,A Gentleman in Moscow: The worldwide bestseller
Ordered on 28 January 2022,Amazon Pay Balance,  2,642.00,Memory: How To Develop, Train, And Use It
Ordered on 16 January 2022,Amazon Pay Later,  882.00,Bajaj Flashy 1000 Watts Radiant Room Heater (Steel)
Ordered on 2 January 2022,Amazon Pay Later,  307.00,AmazonBasics Aluminum Handle Speed Jump Rope, Black
Ordered on 21 December 2021,Amazon Pay Later,  199.50,LINLO Tempered Glass Screen Protector Compatible for OnePlus 9R / OnePlus 9 / OnePlus 8T with Edge to Edge Coverage and Easy Installation Kit, Pack of 1, Black
Ordered on 21 December 2021,Amazon Pay Later,  149.00,Wisely 2in1 Camera Lens Nano Glass + Anti Scratch TPU Back Guard Screen Protector for OnePlus 9R 5G (Back Guard + Camera Guard)
Ordered on 21 December 2021,Amazon Pay Later,  319.00,Techblaze Acoustic Guitar String with Metal Alloy Guitar Capo Full Set of 6 Acoustic Guitar Strings Stainless Steel Set of 6 Guitar String With Guitar Capo (6 Strings + Capo)
Ordered on 5 December 2021,Amazon Pay Later,  399.00,Mifuzi Men's Fur House Slipper for Men Home Slippers Soft Fuzzy Fur Slide Open Toe Slides for Bedroom Room Indoor Carpet slipper Grey, UK 9
Ordered on 5 December 2021,Amazon Pay Later,  999.00,YOONIKK Regular Fit Winter Wear Bomber Jacket For Men (Large, Black)
Ordered on 15 November 2021,Amazon Pay Later,  635.00,DENIMHOLIC Mens Cotton Front Open Cardigan (Large, Grey Grindle)
Ordered on 11 November 2021,Amazon Pay Later,  899.00,Lifelong LLFH02 Flare-X 2000 Watt Fan Room Heater, White (ISI Certified, Home Service Available)
Ordered on 11 November 2021,Amazon Pay Later,  329.00,Amazon Prime (3 Months Membership)
Ordered on 8 October 2021,"Mastercardending in 8968
EMI Rs. 4354.52 for 9 months",  36,999.00,OnePlus 9R 5G (Lake Blue, 8GB RAM, 128GB Storage)
Ordered on 3 October 2021,Pay on Delivery,  4,849.00,WD 2TB My Passport Portable External Hard Drive, USB 3.0, Compatible with PC, PS4 & Xbox (Black) - with Automatic Backup, 256Bit AES Hardware Encryption & Software Protection (WDBYVG0020BBK-WESN)
Ordered on 24 September 2021,BHIM UPI,  1,499.00,USPOLO Men's Slim Fit Jeans (UDJC0038_Blue_32W x 33L)
Ordered on 14 September 2021,Amazon Pay Later,  849.00,United Colors of Benetton Men's Slim Polo Shirt (3081J7108I_Black M)
Ordered on 1 September 2021,Visaending in 6581,  11,990.00,Nokia G20 Smartphone, Dual SIM 4G, 4GB RAM/64GB Storage, 48MP Quad Camera with 6.5” (16.51 cm) Screen | Blue
Ordered on 16 August 2021,,  5,499.00,WD 2TB My Passport Portable External Hard Drive, USB 3.0, Compatible with PC, PS4 & Xbox (Red) - with Automatic Backup, 256Bit AES Hardware Encryption & Software Protection (WDBYVG0020BRD-WESN)
Ordered on 6 August 2021,Amazon Pay Later,  249.00,DiSano Peanut Butter, Crunchy, (Zero cholesterol&Transfat,High in fibre &protein) 1 Kg
Ordered on 3 August 2021,Amazon Pay Later,  253.00,Pilot Frixion C2 Roller Ball Pen
Ordered on 1 August 2021,Amazon Pay Later,  899.00,URBN 20000mAh Li-Polymer Ultra Compact Type-C Power Bank with 12W Fast Charge, Type C & Micro Input (Black)
Ordered on 29 July 2021,Pay on Delivery,  8,999.00,Redmi 9 (Carbon Black, 4GB RAM, 64GB Storage) | 2.3GHz Mediatek Helio G35 Octa core Processor
Ordered on 27 July 2021,Amazon Pay Later,  349.00,Noty Women's Sarina & Satin Floral Maxi Nighty (N1SR-458-459_Multicoloured)
Ordered on 26 July 2021,Amazon Pay Later,  329.00,Amazon Prime (3 Months Membership)
Ordered on 12 July 2021,Amazon Pay Later,  587.00,L'Oreal Paris Total Repair 5 Combo (Total Repair Shampoo, 704 ml + Total Repair Conditioner, 192.5 ml + Total Repair Serum, 40 ml), 936.5 ml (Pack of 3)
Ordered on 27 June 2021,Amazon Pay Balance,  202.00,DiSano Peanut Butter, Crunchy, (Zero cholesterol&Transfat,High in fibre &protein) 1 Kg
Ordered on 19 June 2021,Pay on Delivery,  807.00,Sparx Men Navy Grey Running Shoes-8 UK (SX0406G)
Ordered on 4 June 2021,Amazon Pay Later,  488.00,Foldable Laptop Bed Table Lap Desk Stand, Serving Tray Dining Table with Slot, Notebook Stand Holder, Bed Tray Laptop Desk for Eating Breakfast, Working, Watching Movie
Ordered on 25 May 2021,Amazon Pay Later,  949.00,Protoner Red Wall Mounting Chin Up Bar and Ab Strap Combo
Ordered on 10 May 2021,Amazon Pay Later,  1,499.00,Infinote Executive Reusable Stone Paper Smart Notebook and Planner - Powered by App, Includes 1 Erasable Pen (Brown, A5)
Ordered on 9 May 2021,Amazon Pay Later,  499.00,Ash & Roh Clear Glass Water Bottles Set Wide Mouth Glass Bottles with Lids - for Juicing, Smoothies, Beverage Storage Stainless Steel Lids, Leak Proof, Reusable - 400 ml (4)
Ordered on 9 April 2021,Amazon Pay Later,  489.00,DHRUV Gold Afghani Apricots | Khumani | Khubani | Zardalu, 1kg (Pack of 4)
Ordered on 5 April 2021,Amazon Pay Later,  471.00,Apke Avchetan Man Ki Shakti (The Power of your Subconscious Mind in Hindi)
Ordered on 5 April 2021,Amazon Pay Later,  2,239.00,Philips BRE235/00 Corded Compact Epilator (White and Pink) for gentle hair removal at home
Ordered on 31 March 2021,Amazon Pay Later,  349.00,HP v236w 16GB USB 2.0 Pen Drive
Ordered on 31 March 2021,Amazon Pay Later,  881.00,Technotech 3.5’’ USB 2.0 SATA Hard Drive Enclosure HDD CASING
Ordered on 26 March 2021,Amazon Pay Later,  499.00,maikun Men's Canvas, Leather & Metal Belt (belt1074-5in_Black)
Ordered on 25 March 2021,BHIM UPI,  279.00,PureMe Cotton Reusable N95 Anti Pollution Mask with 2 PM2.5 Filters and Detachable Headband (With Valve, Pack of 1) for Unisex- Black
Ordered on 7 March 2021,Amazon Pay Later,  562.00,Cable World 32 in 1 Mini Screwdriver Bits Set with Magnetic Flexible Extension Rod
Ordered on 28 February 2021,Amazon Pay Later,  2,399.00,Voroly Portable Car Air Compressor Tyre Inflator 12V DC Car Pump with Auto Cut Off Digital Pressure Gauge Bright Emergency Flashlight for Auto Truck Bicycle Ball (RED)
Ordered on 27 February 2021,Amazon Pay Later,  664.00,Portronics Power Plate II POR-671, 5A Electrical Universal Sockets and 3 USB Ports (Black)
Ordered on 23 February 2021,Amazon Pay Later,  899.00,URBN 20000 mAh Li-Polymer Ultra Compact Power Bank with 12W Fast Charge and (Blue)
Ordered on 20 February 2021,Amazon Pay Later,  279.00,Ambrane Unbreakable 3A Fast Charging Braided Type C Cable – 1.5 Meter (RCT15, Black)
Ordered on 12 February 2021,Amazon Pay Later,  593.00,SFT Dried Apricot Organic (Khumani , Khurbani , Jardalu , Prunus) High Quality (Grade - Big Size) 1Kg
Ordered on 12 February 2021,Amazon Pay Later,  999.00,SFT Dried Apricot Organic (Khumani , Khurbani , Jardalu , Prunus) (Grade - Big Size) 2Kg
Ordered on 11 February 2021,Amazon Pay Later,  578.00,Zollyss Camera Lens Coffee Mug Stainless Steel Travel Mugs Leak Proof 350ml Tumbler Insulated Cups for Hot and Cold Drinks
Ordered on 9 February 2021,Amazon Pay Later,  1,699.00,NEWYES A4 Reusable Smart Notebook Erasable Wirebound Notebook Sketch Pads APP Storage/Notepad/Diary Notebook (Dotted)
Ordered on 31 January 2021,Amazon Pay Later,  875.00,Sparx Men SM-406 Navy Blue Grey Sports Shoes
Ordered on 31 January 2021,Amazon Pay Later,  459.00,Signoraware Charger Shaker Steel, Set of 1, 750 ml, Silver
Ordered on 31 January 2021,Amazon Pay Later,  329.00,Amazon Prime (3 Months Membership)
Ordered on 9 January 2021,Amazon Pay Later,  129.00,Kamani Retail DRS Derma Roller 0.5mm with 540 Titanium Alloy Needles
Ordered on 5 January 2021,Amazon Pay Later,  1,049.00,JIG'sMART Massager Gun Tissue Muscle Massager Muscle Pain Body Relaxation Slimming Shaping Pain Relief 6 Speed for Pain and Stress Relief with 4 Massage Head, 1Pc (Random Color)
Ordered on 5 January 2021,Amazon Pay Later,  999.00,Jukmen USB Rechargeable Wood Grain Aroma Diffuser Air Humidifier Essential Oil Diffusers with 7 Color LED Lights for Home Office Hotel
Ordered on 5 January 2021,Amazon Pay Later,  199.00,Organix Mantra Lavender Essential Oil, 100% Steam Distilled Pure & Natural (15ML)
Ordered on 5 January 2021,Amazon Pay Later,  90.00,RCS Electric Vibrating Massager Combs Hair Brush Comb Massager Comb Hair Scalp Hairbrush Head Blood Circulation Blood Massager Colour - Black
Ordered on 29 December 2020,"Mastercardending in 8968
EMI Rs. 1413.07 for 3 months",  4,499.00,JBL Tune 700BT Over-Ear Wireless Headphones with 27-Hour Playtime, Multi-Point Connection & Quick Charging (Black) (JBLT700BTBLK)
Ordered on 19 December 2020,Visaending in 1769,  500.00,Envie AA Rechargeable Batteries | High-Capacity Ni-MH | 1000 mAh | Low Self Discharge | (Pack of 4) (AA10004PLNi-CD)
Ordered on 12 December 2020,Amazon Pay Later,  295.00,Urban Platter Pop Corn Kernels, 1kg
Ordered on 8 December 2020,Amazon Pay Later,  399.00,Bella Vita Organic Nicolips Lightening and Brightening Dark Lip Balm Scrub for Men and Women, 20 g
Ordered on 7 December 2020,Amazon Pay Later,  85.00,Chariot New York Hair Root Applicator Bottle with Comb Cap for Applying Hair Oil, Shampoo and Medicine
Ordered on 7 December 2020,Amazon Pay Later,  3,024.00,VitaGreen Bhringraj For Support Healthy Hair Growth, 500 mg, 180 Capsules (Pack of 3)
Ordered on 28 November 2020,BHIM UPI,  825.00,Bigmuscles Nutrition Crude Whey 1kg, Whey Protein Concentrate 80%, 24g Protein, 5.5g BCAA, 4 g Glutamine
Ordered on 25 November 2020,Amazon Pay Later,  433.00,Staedtler Lumocolor Non-Permanent Fine Line Width Markers Set Of 4 Pens, Multicolour Ink
Ordered on 25 November 2020,Amazon Pay Later,  2,775.00,BODYFIT FREESTANDING Blend 8-in-1 Multi-Purpose Weight Bench
Ordered on 25 November 2020,Amazon Pay Later,  949.00,APRODO New Arm Blaster, Biceps Muscle Workout, Heavy Duty Thick Gauge, Padded, for Men & Women
Ordered on 2 November 2020,BHIM UPI,  385.00,CAPS FOR MENS EDIKO Men's Mesh Snapback Baseball Cap for Hunting, Fishing, Outdoor Activities, Combo Pack, (Free Size, Black and Blue, Pack of 2)
Ordered on 4 October 2020,Mastercardending in 2612,  397.00,"Bhasadh""Don't Stop"" Quote [Black] Reusable Notebook with Staedtler Non Permanent Marker Perfect for Writing",Drawing and Doodle [Pen Color Subject to Availability]
Ordered on 2 October 2020,Amazon Pay Balance,  598.00,"Bhasadh""Wondering Woman"" Quote [Blue] Reusable Notebook with Black Whiteboard Marker for Writing", Drawing, Doodling and Practicing
Ordered on 17 June 2020,Visaending in 7832,  7,099.00,Canon E4270 All-in-One Ink Efficient WiFi Printer with FAX/ADF/Duplex Printing (Black)
Ordered on 6 June 2020,Amazon Pay Balance,  1,438.00,HP Envy 500 Rechargeable Mouse (Grey)
Ordered on 6 June 2020,Amazon Pay Balance,  349.00,CAPS FOR MENS Ediko Men's Mesh Snapback Baseball Cap for Hunting, Fishing, Outdoor Activities (Blue, Free Size)
Ordered on 16 March 2020,BHIM UPI,  1,765.00,"AURION Boxing Hand Wraps 108"" INCHES"
Ordered on 2 February 2020,Amazon Pay Balance,  1,999.00,Amkette Evo Gamepad Pro 4 for iPhone and Android Smartphones with Instant Play (Works with PUBG, Call of Duty, Mobile Legends, and many more) (MediaTe
Ordered on 11 April 2019,Visaending in 0452,  499.00,DailyObjects Black Ballistic Nylon Slim Classic Men'S Wallet-Black
Ordered on 7 March 2019,Unknown Credit Cardending in,  908.00,LIMERENCE Premium Hunter Full Grain Genuine Leather Wallet with RFID Blocking -TAN
Ordered on 2 March 2019,Unknown Credit Cardending in,  32,999.00,Lenovo Yoga Book Tablet (10.1 inch, 64GB, Wi-Fi + 4G LTE + Voice Calling), Grey
Ordered on 25 November 2018,No current charges,  290.00,Inkinite Reusable Soft Cover Notebook With Staedtler Non Permanent Marker - Create
Ordered on 5 May 2018,Visaending in 2612,  41,790.00,Asus R542UQ-DM164 15.6-inch Laptop (7th Gen Core i5-7200U/8GB/1TB/DOS/2GB Graphics), GOLDEN
Ordered on 13 February 2018,Mastercardending in 3027,  599.00,Samsung Galaxy Tab 2 7.0 P3100 / Samsung Tab 2 7.0 P 3100 compatible Green SPORTS Bluetooth Jogger Headset Wireless 4.0 Handfree Stereo Headphone Comp
Ordered on 11 February 2018,Mastercardending in 3027,  649.00,HP X3500 Wireless Mouse (Black)
Ordered on 5 September 2016,No current charges,  4,899.00,Karbonn Titanium S205 (Black-Blue)
Ordered on 29 June 2016,No current charges,  5,099.00,Karbonn Titanium S205 2GB 16GB White,GOLD 3G
Ordered on 5 May 2016,No current charges,  550.00,3.5 inch SATA EXTERNAL HARDISK CASING, USB 2.0 SUPPORT
